chain,generation,seed,status,attempts,error,l0_parent,l0_ancestor,l2_parent_calibration,l2_parent_validation,l2_ancestor_calibration,l2_ancestor_validation,l2_nearest_history_calibration,l2_nearest_history_validation,l2_nearest_history_calibration_adjusted,l2_nearest_history_validation_adjusted,self_noise_calibration,self_noise_validation,mean_gain_calibration,mean_gain_validation,behavior_revisit
0,0,sequential,seed,0,,nan,nan,nan,nan,nan,nan,nan,nan,nan,nan,0.0,0.0,3.1838720149490105,4.685431406370864,
0,1,sequential,evaluation_failed,0,AttributeError: 'Problem' object has no attribute 'l',nan,nan,nan,nan,nan,nan,nan,nan,nan,nan,nan,nan,nan,nan,
0,2,sequential,evaluation_failed,0,AssertionError: solution contains an empty or infeasible route,nan,nan,nan,nan,nan,nan,nan,nan,nan,nan,nan,nan,nan,nan,
0,3,sequential,valid,0,,0.8941176470588236,0.8941176470588236,0.23971420583160213,0.24203564371185746,0.23971420583160213,0.24203564371185746,0.23971420583160213,0.24203564371185746,0.23405582402303524,0.23322868006618414,0.005658381808566898,0.008806963645673325,4.8172717878847795,5.614603419344027,True
0,4,sequential,valid,0,,0.6595744680851063,0.8956043956043956,0.18121519041536058,0.18091153321670367,0.27528466112686933,0.24028994063926143,0.18121519041536058,0.18091153321670367,0.0,0.0,0.22418231488118465,0.18683639236854682,4.771115588277114,5.003082170085093,True
0,5,sequential,valid,0,,0.5118483412322274,0.893491124260355,0.19159262936885496,0.1989038525100888,0.2401501096684023,0.25135381227161624,0.11489137535990931,0.12407227041763638,0.0,0.012067460141541975,0.0,0.0,4.231470158000688,5.395108775786231,True
0,6,sequential,evaluation_failed,0,AssertionError: solution contains an empty or infeasible route,nan,nan,nan,nan,nan,nan,nan,nan,nan,nan,nan,nan,nan,nan,
0,7,sequential,valid,0,,0.6548223350253808,0.8484848484848485,0.3722845395260542,0.3966317198728366,0.3748237452016242,0.39998022164334673,0.37197123365816087,0.3966317198728366,0.0,0.01760490661385844,0.37742642043428765,0.37902681325897813,-4.52864776179595,-4.766813220199131,False
0,8,sequential,valid,0,,0.7534883720930232,0.8622754491017964,0.40248528130567535,0.40526948500398685,0.41352649261364743,0.4119973189776146,0.393309852923977,0.40261216988305415,0.0,0.0,0.41085634089919837,0.4043797434218071,-10.647595038926543,-9.360332855463778,False
1,0,regret_2,seed,0,,nan,nan,nan,nan,nan,nan,nan,nan,nan,nan,0.0,0.0,4.827928631371383,5.6514733499279215,
1,1,regret_2,evaluation_failed,0,TypeError: 'int' object is not subscriptable,nan,nan,nan,nan,nan,nan,nan,nan,nan,nan,nan,nan,nan,nan,
1,2,regret_2,valid,0,,0.9310344827586207,0.9310344827586207,0.35175722710075624,0.37036129753839064,0.35175722710075624,0.37036129753839064,0.35175722710075624,0.37036129753839064,0.0,0.0,0.37778592583881343,0.38203930104781025,-1.4391025185227109,-0.749672505336787,True
1,3,regret_2,valid,0,,0.7634408602150538,0.944,0.3586779149336032,0.37057056237402397,0.21613914317941996,0.21804074871211326,0.21613914317941996,0.21804074871211326,0.0,0.0,0.0,0.0,4.192347462340498,5.467339360607411,True
1,4,regret_2,evaluation_failed,0,NameError: name 'c' is not defined,nan,nan,nan,nan,nan,nan,nan,nan,nan,nan,nan,nan,nan,nan,
1,5,regret_2,valid,0,,0.5782312925170068,0.9270833333333334,0.15571325138247918,0.16045752361527446,0.2062469446394987,0.23063132388730584,0.15571325138247918,0.16045752361527446,0.0,0.0,0.0,0.0,3.992980693940749,5.236489812371033,True
1,6,regret_2,valid,0,,0.5460526315789473,0.948905109489051,0.22245640240754277,0.21465647680932345,0.17473151762345873,0.1656009645201815,0.17473151762345873,0.1656009645201815,0.0,0.0,0.1843265201937065,0.17076632167196074,4.3061155999215694,5.37346123374584,True
1,7,regret_2,valid,0,,0.6009852216748768,0.9426751592356688,0.2317559313243574,0.2221995088551104,0.21008299270920147,0.22708124552743972,0.1677558605082988,0.1436220179636695,0.0,0.0,0.1882922448578091,0.11954270956586854,4.436788408505168,5.0756826399316015,True
1,8,regret_2,evaluation_failed,0,AttributeError: 'Problem' object has no attribute 'distances',nan,nan,nan,nan,nan,nan,nan,nan,nan,nan,nan,nan,nan,nan,
2,0,block_reinsert,seed,0,,nan,nan,nan,nan,nan,nan,nan,nan,nan,nan,0.0,0.0,3.1838720149490105,4.202854761239445,
2,1,block_reinsert,valid,0,,0.764102564102564,0.764102564102564,0.27672612149853887,0.2557025729175849,0.27672612149853887,0.2557025729175849,0.27672612149853887,0.2557025729175849,0.00985471402046828,0.0011265999908600666,0.2668714074780706,0.25457597292672485,3.1372633524981612,4.3186872392081534,True
2,2,block_reinsert,evaluation_failed,0,AttributeError: 'Problem' object has no attribute 'tw',nan,nan,nan,nan,nan,nan,nan,nan,nan,nan,nan,nan,nan,nan,
2,3,block_reinsert,evaluation_failed,0,AttributeError: 'Problem' object has no attribute 'customers',nan,nan,nan,nan,nan,nan,nan,nan,nan,nan,nan,nan,nan,nan,
2,4,block_reinsert,evaluation_failed,0,AttributeError: 'Problem' object has no attribute 'customers',nan,nan,nan,nan,nan,nan,nan,nan,nan,nan,nan,nan,nan,nan,
2,5,block_reinsert,valid,0,,0.6225490196078431,0.8072727272727273,0.27248592623750095,0.24627418006480956,0.26602971620277965,0.25528542757228057,0.26602971620277965,0.24627418006480956,0.005614518759430365,0.0,0.0,0.0,4.163140251188688,5.174365609980822,True
2,6,block_reinsert,valid,0,,0.627177700348432,0.8160535117056856,0.15217171114794392,0.16709661563216108,0.26505456667519234,0.26136682652349197,0.15217171114794392,0.16709661563216108,0.0,0.0,0.21272363251072463,0.1828037981129896,4.257342727524064,4.903267346397715,True
2,7,block_reinsert,evaluation_failed,0,AttributeError: 'Problem' object has no attribute 'customers',nan,nan,nan,nan,nan,nan,nan,nan,nan,nan,nan,nan,nan,nan,
2,8,block_reinsert,valid,0,,0.356,0.8062283737024222,0.15752766780802863,0.15499835410220847,0.27853676446774644,0.2545276349003502,0.15752766780802863,0.15499835410220847,0.0,0.0,0.23498943529763056,0.18495133924574075,4.4969741149508735,5.022685414981288,True
3,0,new_route,seed,0,,nan,nan,nan,nan,nan,nan,nan,nan,nan,nan,0.0,0.0,-37.55517780015571,-33.57478743425594,
3,1,new_route,valid,0,,0.7978723404255319,0.7978723404255319,0.34647279842806195,0.3372858052232509,0.34647279842806195,0.3372858052232509,0.34647279842806195,0.3372858052232509,0.07960139094999136,0.08270983229652606,0.2668714074780706,0.25457597292672485,3.1372633524981612,4.3186872392081534,True
3,2,new_route,valid,0,,0.4803149606299213,0.8527131782945736,0.2858118721418171,0.24638188013066972,0.34658616765082295,0.33939694453653085,0.2858118721418171,0.24638188013066972,0.018940464663746492,0.0,0.0,0.0,2.1322338629082345,4.3468421286986025,True
3,3,new_route,evaluation_failed,0,AttributeError: 'Problem' object has no attribute 'customer_locations',nan,nan,nan,nan,nan,nan,nan,nan,nan,nan,nan,nan,nan,nan,
3,4,new_route,valid,0,,0.5838150289017341,0.8620689655172413,0.3824613265147185,0.3859254034690287,0.33839598370708507,0.3328570716196357,0.33839598370708507,0.3328570716196357,0.0,0.0,0.37888625944222787,0.37996242393713464,-3.556032184400544,-2.068190594867682,True
3,5,new_route,valid,0,,0.6231155778894473,0.8867924528301887,0.38808855693679345,0.40344464695924975,0.33512700410752544,0.3378696769506676,0.33512700410752544,0.3378696769506676,0.0,0.0,0.3683838656828792,0.3752378398198331,-3.4756613665212823,-2.076619486594472,True
3,6,new_route,valid,0,,0.6462264150943396,0.8662420382165605,0.39162073685468324,0.3864335430137236,0.3447287862707755,0.3367902184813154,0.3447287862707755,0.3367902184813154,0.0,0.0,0.36819629134909365,0.3590877900350643,-2.0195174578321073,-1.3035544784951612,True
3,7,new_route,evaluation_failed,0,AssertionError: solution contains an empty or infeasible route,nan,nan,nan,nan,nan,nan,nan,nan,nan,nan,nan,nan,nan,nan,
3,8,new_route,evaluation_failed,0,NameError: name 'next' is not defined,nan,nan,nan,nan,nan,nan,nan,nan,nan,nan,nan,nan,nan,nan,
