problem,instance,repeat,block,destroy,repair,seed,n_remove,routes_before,routes_after,cost_before,cost_after,gain,relative_gain_pct
cvrp,0,0,0,random_removal,greedy_insertion,15336196180900590447,3,2,2,6.009890723821367,5.6214619136223885,0.38842881019897835,6.463159282736464
cvrp,0,0,0,random_removal,regret_2,7971086580457912539,3,2,2,6.009890723821367,5.823675091293645,0.18621563252772155,3.098486163643871
cvrp,0,0,0,random_removal,regret_3,13652801504400678522,3,2,2,6.009890723821367,5.797544225856607,0.21234649796476024,3.5332838436326925
cvrp,0,0,0,random_removal,greedy_with_noise,15623614376185770855,3,2,2,6.009890723821367,5.824163982597215,0.18572674122415211,3.0903513850591025
cvrp,0,0,0,random_removal,best_position_first,5189364354949950430,3,2,2,6.009890723821367,5.007126849928268,1.002763873893099,16.685226403842087
cvrp,0,0,0,random_removal,sequential_insertion,15469038367081097704,3,2,2,6.009890723821367,5.653210034939136,0.35668068888223114,5.934894747228234
cvrp,0,0,0,shaw_removal,greedy_insertion,117473776165045232,3,2,2,6.009890723821367,5.8811697394723605,0.12872098434900625,2.1418190490352127
cvrp,0,0,0,shaw_removal,regret_2,5643541476169303175,3,2,2,6.009890723821367,5.791921166064974,0.21796955775639315,3.626847271821908
cvrp,0,0,0,shaw_removal,regret_3,2328504578251071305,3,2,2,6.009890723821367,5.295098682661285,0.7147920411600817,11.893594642692333
cvrp,0,0,0,shaw_removal,greedy_with_noise,8157172123499889902,3,2,2,6.009890723821367,5.880744412910781,0.1291463109105857,2.1488961587718935
cvrp,0,0,0,shaw_removal,best_position_first,8594920539251760358,3,2,2,6.009890723821367,5.824163982597215,0.18572674122415211,3.0903513850591025
cvrp,0,0,0,shaw_removal,sequential_insertion,13443460538938572421,3,2,2,6.009890723821367,5.765844271748646,0.24404645207272058,4.060746913507016
cvrp,0,0,0,worst_removal,greedy_insertion,6674495361553446376,3,2,2,6.009890723821367,5.653210034939136,0.35668068888223114,5.934894747228234
cvrp,0,0,0,worst_removal,regret_2,17961680741319302831,3,2,2,6.009890723821367,5.24189076946087,0.767999954360497,12.778933755257484
cvrp,0,0,0,worst_removal,regret_3,16189124310014357476,3,2,2,6.009890723821367,5.653210034939136,0.35668068888223114,5.934894747228234
cvrp,0,0,0,worst_removal,greedy_with_noise,10148704272244348674,3,2,2,6.009890723821367,5.475047988653406,0.5348427351679605,8.899375375462446
cvrp,0,0,0,worst_removal,best_position_first,8282880008344367897,3,2,2,6.009890723821367,5.6214619136223885,0.38842881019897835,6.463159282736464
cvrp,0,0,0,worst_removal,sequential_insertion,10044122708387804937,3,2,2,6.009890723821367,5.282794926871938,0.7270957969494285,12.098319759250252
cvrp,0,0,0,route_removal,greedy_insertion,590512871415538343,3,2,2,6.009890723821367,5.880744412910781,0.1291463109105857,2.1488961587718935
cvrp,0,0,0,route_removal,regret_2,11820404632013595279,3,2,2,6.009890723821367,5.98893327754748,0.020957446273886404,0.3487159290736769
cvrp,0,0,0,route_removal,regret_3,899347048685253119,3,2,2,6.009890723821367,5.653210034939136,0.35668068888223114,5.934894747228234
cvrp,0,0,0,route_removal,greedy_with_noise,927007624207414351,3,2,2,6.009890723821367,5.653210034939136,0.35668068888223114,5.934894747228234
cvrp,0,0,0,route_removal,best_position_first,2543856553355614472,3,2,2,6.009890723821367,5.653210034939136,0.35668068888223114,5.934894747228234
cvrp,0,0,0,route_removal,sequential_insertion,13116909284864351437,3,2,2,6.009890723821367,5.653210034939136,0.35668068888223114,5.934894747228234
cvrp,0,0,0,cluster_removal,greedy_insertion,13150599452388135471,3,2,2,6.009890723821367,6.143228609153979,-0.1333378853326126,-2.218640761704735
cvrp,0,0,0,cluster_removal,regret_2,3615355725489489323,3,2,2,6.009890723821367,5.007126849928268,1.002763873893099,16.685226403842087
cvrp,0,0,0,cluster_removal,regret_3,17394563463179343320,3,2,2,6.009890723821367,6.009890723821367,0.0,0.0
cvrp,0,0,0,cluster_removal,greedy_with_noise,2316709768369698497,3,2,2,6.009890723821367,5.456445826021536,0.5534448977998307,9.208901180285103
cvrp,0,0,0,cluster_removal,best_position_first,12528409453243108458,3,2,2,6.009890723821367,6.132361961058243,-0.12247123723687636,-2.0378280215884437
cvrp,0,0,0,cluster_removal,sequential_insertion,13060483967419356548,3,2,2,6.009890723821367,6.009890723821367,0.0,0.0
cvrp,0,0,0,time_oriented_removal,greedy_insertion,12689192757297990793,3,2,2,6.009890723821367,5.007126849928268,1.002763873893099,16.685226403842087
cvrp,0,0,0,time_oriented_removal,regret_2,8207621158870274811,3,2,2,6.009890723821367,6.009890723821367,0.0,0.0
cvrp,0,0,0,time_oriented_removal,regret_3,13617328267100469976,3,2,2,6.009890723821367,5.395753315827632,0.6141374079937352,10.218778280934169
cvrp,0,0,0,time_oriented_removal,greedy_with_noise,3952611505884795994,3,2,2,6.009890723821367,5.987588703414968,0.02230202040639906,0.3710886176016592
cvrp,0,0,0,time_oriented_removal,best_position_first,15844848800123012074,3,2,2,6.009890723821367,5.007126849928268,1.002763873893099,16.685226403842087
cvrp,0,0,0,time_oriented_removal,sequential_insertion,8104503622977605193,3,2,2,6.009890723821367,5.007126849928268,1.002763873893099,16.685226403842087
cvrp,0,1,1,random_removal,greedy_insertion,1951738132100363693,3,2,2,5.3452297669626905,5.084803631431877,0.26042613553081306,4.872122376112459
cvrp,0,1,1,random_removal,regret_2,4910700749252371684,3,2,2,5.3452297669626905,5.3452297669626905,0.0,0.0
cvrp,0,1,1,random_removal,regret_3,12772090323004632766,3,2,2,5.3452297669626905,5.529902875966938,-0.1846731090042475,-3.454914326520784
cvrp,0,1,1,random_removal,greedy_with_noise,6213937305897345676,3,2,2,5.3452297669626905,5.353870523318326,-0.00864075635563566,-0.16165360016966268
cvrp,0,1,1,random_removal,best_position_first,12056923617364654124,3,2,2,5.3452297669626905,5.175525457583474,0.16970430937921677,3.174873986299143
cvrp,0,1,1,random_removal,sequential_insertion,6745255788075450354,3,2,2,5.3452297669626905,5.471985293006085,-0.1267555260433948,-2.371376565079275
cvrp,0,1,1,shaw_removal,greedy_insertion,4033515326306290514,3,2,2,5.3452297669626905,5.205773886870791,0.1394558800918997,2.6089782136931867
cvrp,0,1,1,shaw_removal,regret_2,10894659172223434976,3,2,2,5.3452297669626905,5.3452297669626905,0.0,0.0
cvrp,0,1,1,shaw_removal,regret_3,9855218437586399722,3,2,2,5.3452297669626905,5.344809890434861,0.0004198765278298211,0.00785516331636398
cvrp,0,1,1,shaw_removal,greedy_with_noise,14589852477705062411,3,2,2,5.3452297669626905,5.339755406641725,0.005474360320965488,0.10241580922864936
cvrp,0,1,1,shaw_removal,best_position_first,6354712182107798554,3,2,2,5.3452297669626905,5.224259511523778,0.12097025543891249,2.2631441624192554
cvrp,0,1,1,shaw_removal,sequential_insertion,9728778090702385878,3,2,2,5.3452297669626905,5.084803631431877,0.26042613553081306,4.872122376112459
cvrp,0,1,1,worst_removal,greedy_insertion,12550177183429728517,3,2,2,5.3452297669626905,5.054555202144561,0.29067456481812926,5.438018148718398
cvrp,0,1,1,worst_removal,regret_2,1220318706352709191,3,2,2,5.3452297669626905,5.224259511523778,0.12097025543891249,2.2631441624192554
cvrp,0,1,1,worst_removal,regret_3,9145805542055663378,3,2,2,5.3452297669626905,5.227623289558833,0.11760647740385721,2.200213695784391
cvrp,0,1,1,worst_removal,greedy_with_noise,4937378227815723088,3,2,2,5.3452297669626905,5.3452297669626905,0.0,0.0
cvrp,0,1,1,worst_removal,best_position_first,1413421791027580804,3,2,2,5.3452297669626905,5.175525457583474,0.16970430937921677,3.174873986299143
cvrp,0,1,1,worst_removal,sequential_insertion,4972305158166190843,3,2,2,5.3452297669626905,5.175525457583474,0.16970430937921677,3.174873986299143
cvrp,0,1,1,route_removal,greedy_insertion,7865876888375260125,3,2,2,5.3452297669626905,5.1880281692745776,0.15720159768811293,2.9409698842083505
cvrp,0,1,1,route_removal,regret_2,14390392050718172520,3,2,2,5.3452297669626905,5.339755406641725,0.005474360320965488,0.10241580922864936
cvrp,0,1,1,route_removal,regret_3,10078411382551006948,3,2,2,5.3452297669626905,5.339755406641725,0.005474360320965488,0.10241580922864936
cvrp,0,1,1,route_removal,greedy_with_noise,11910791820398700041,3,2,2,5.3452297669626905,5.339755406641725,0.005474360320965488,0.10241580922864936
cvrp,0,1,1,route_removal,best_position_first,97635769421045728,3,2,2,5.3452297669626905,5.1880281692745776,0.15720159768811293,2.9409698842083505
cvrp,0,1,1,route_removal,sequential_insertion,7928536916833675507,3,2,2,5.3452297669626905,5.3452297669626905,0.0,0.0
cvrp,0,1,1,cluster_removal,greedy_insertion,5491055702141751199,3,2,2,5.3452297669626905,5.3452297669626905,0.0,0.0
cvrp,0,1,1,cluster_removal,regret_2,2812702859761423760,3,2,2,5.3452297669626905,5.2239240639134525,0.12130570304923793,2.269419806777871
cvrp,0,1,1,cluster_removal,regret_3,6176023163673410865,3,2,2,5.3452297669626905,5.529902875966938,-0.1846731090042475,-3.454914326520784
cvrp,0,1,1,cluster_removal,greedy_with_noise,11856664529901868977,3,2,2,5.3452297669626905,5.143302287380795,0.2019274795818955,3.7777137445045015
cvrp,0,1,1,cluster_removal,best_position_first,5527682500917754921,3,2,2,5.3452297669626905,5.529902875966938,-0.1846731090042475,-3.454914326520784
cvrp,0,1,1,cluster_removal,sequential_insertion,17534919323652156108,3,2,2,5.3452297669626905,5.143302287380795,0.2019274795818955,3.7777137445045015
cvrp,0,1,1,time_oriented_removal,greedy_insertion,12714628460705944017,3,2,2,5.3452297669626905,5.339755406641725,0.005474360320965488,0.10241580922864936
cvrp,0,1,1,time_oriented_removal,regret_2,5521409520758356513,3,2,2,5.3452297669626905,5.178237959022266,0.16699180794042423,3.12412777786564
cvrp,0,1,1,time_oriented_removal,regret_3,8414644968325694736,3,2,2,5.3452297669626905,5.339755406641725,0.005474360320965488,0.10241580922864936
cvrp,0,1,1,time_oriented_removal,greedy_with_noise,11772994598667533782,3,2,2,5.3452297669626905,5.278424504187987,0.06680526277470378,1.2498108722586194
cvrp,0,1,1,time_oriented_removal,best_position_first,9557113985593668868,3,2,2,5.3452297669626905,5.146582730020168,0.19864703694252217,3.716342338926227
cvrp,0,1,1,time_oriented_removal,sequential_insertion,13519910124203874451,3,2,2,5.3452297669626905,5.205773886870791,0.1394558800918997,2.6089782136931867
cvrp,1,0,2,random_removal,greedy_insertion,4866954907330365391,3,2,2,5.380695049434532,5.337479999410396,0.04321505002413595,0.8031499578976791
cvrp,1,0,2,random_removal,regret_2,5913165881437363245,3,2,3,5.380695049434532,5.306456843132393,0.07423820630213918,1.379714063333528
cvrp,1,0,2,random_removal,regret_3,7665672442984868993,3,2,2,5.380695049434532,5.32033768169515,0.06035736773938183,1.121739239723777
cvrp,1,0,2,random_removal,greedy_with_noise,4896889992833995070,3,2,2,5.380695049434532,5.1453366532261535,0.23535839620837873,4.374126280081845
cvrp,1,0,2,random_removal,best_position_first,13329017777667281759,3,2,3,5.380695049434532,5.525934033615068,-0.14523898418053616,-2.699260650272303
cvrp,1,0,2,random_removal,sequential_insertion,7779972903208649600,3,2,2,5.380695049434532,4.8471581771842995,0.5335368722502327,9.915761204610604
cvrp,1,0,2,shaw_removal,greedy_insertion,10412477989042881880,3,2,2,5.380695049434532,5.392880430248404,-0.01218538081387166,-0.22646480987901824
cvrp,1,0,2,shaw_removal,regret_2,12520649952306666034,3,2,2,5.380695049434532,5.2691572961217314,0.1115377533128008,2.0729246368370666
cvrp,1,0,2,shaw_removal,regret_3,549521330398748121,3,2,2,5.380695049434532,5.151831726216055,0.22886332321847735,4.253415611102678
cvrp,1,0,2,shaw_removal,greedy_with_noise,9317088624947255916,3,2,2,5.380695049434532,5.2691572961217314,0.1115377533128008,2.0729246368370666
cvrp,1,0,2,shaw_removal,best_position_first,10662788431732825929,3,2,2,5.380695049434532,5.380695049434532,0.0,0.0
cvrp,1,0,2,shaw_removal,sequential_insertion,8957760770833914671,3,2,2,5.380695049434532,5.196514494167869,0.18418055526666333,3.42298817484591
cvrp,1,0,2,worst_removal,greedy_insertion,5384290889356158205,3,2,2,5.380695049434532,5.337479999410396,0.04321505002413595,0.8031499578976791
cvrp,1,0,2,worst_removal,regret_2,7709698652954105603,3,2,2,5.380695049434532,5.325017164421093,0.05567788501343962,1.0347712424120916
cvrp,1,0,2,worst_removal,regret_3,12588173368395191056,3,2,2,5.380695049434532,5.173549895455918,0.20714515397861444,3.8497843136526337
cvrp,1,0,2,worst_removal,greedy_with_noise,10042229752235801629,3,2,3,5.380695049434532,5.431380014447556,-0.050684965013023664,-0.9419780260237987
cvrp,1,0,2,worst_removal,best_position_first,13432356749209281851,3,2,3,5.380695049434532,5.64109767841235,-0.2604026289778174,-4.83957233378583
cvrp,1,0,2,worst_removal,sequential_insertion,748008064180899376,3,2,3,5.380695049434532,5.5736046236159265,-0.1929095741813942,-3.585216638539429
cvrp,1,0,2,route_removal,greedy_insertion,2392401108276147090,3,2,2,5.380695049434532,5.306451386554249,0.07424366288028317,1.3798154736177732
cvrp,1,0,2,route_removal,regret_2,14070311552230938448,3,2,2,5.380695049434532,5.1453366532261535,0.23535839620837873,4.374126280081845
cvrp,1,0,2,route_removal,regret_3,3912905379375896769,3,2,2,5.380695049434532,5.1453366532261535,0.23535839620837873,4.374126280081845
cvrp,1,0,2,route_removal,greedy_with_noise,8279425470167167489,3,2,2,5.380695049434532,5.367049080208783,0.0136459692257489,0.2536097864751317
cvrp,1,0,2,route_removal,best_position_first,14491015439723741550,3,2,2,5.380695049434532,5.306451386554249,0.07424366288028317,1.3798154736177732
cvrp,1,0,2,route_removal,sequential_insertion,5602133623724054895,3,2,2,5.380695049434532,5.1453366532261535,0.23535839620837873,4.374126280081845
cvrp,1,0,2,cluster_removal,greedy_insertion,3777791151141907294,3,2,2,5.380695049434532,5.116737031545953,0.2639580178885792,4.905649092979522
cvrp,1,0,2,cluster_removal,regret_2,17014754949773133232,3,2,2,5.380695049434532,5.1453366532261535,0.23535839620837873,4.374126280081845
cvrp,1,0,2,cluster_removal,regret_3,13617217044626041706,3,2,2,5.380695049434532,5.2691572961217314,0.1115377533128008,2.0729246368370666
cvrp,1,0,2,cluster_removal,greedy_with_noise,205529015350098612,3,2,3,5.380695049434532,5.878066831818995,-0.49737178238446234,-9.243634471288837
cvrp,1,0,2,cluster_removal,best_position_first,4777700153391342576,3,2,2,5.380695049434532,5.205184215345641,0.17551083408889134,3.2618617571968906
cvrp,1,0,2,cluster_removal,sequential_insertion,7150514444239415669,3,2,2,5.380695049434532,5.337479999410396,0.04321505002413595,0.8031499578976791
cvrp,1,0,2,time_oriented_removal,greedy_insertion,15684146630785578890,3,2,2,5.380695049434532,5.2404601656726255,0.14023488376190674,2.6062596462634375
cvrp,1,0,2,time_oriented_removal,regret_2,12896215554063512494,3,2,2,5.380695049434532,5.151831726216055,0.22886332321847735,4.253415611102678
cvrp,1,0,2,time_oriented_removal,regret_3,16478183887064285690,3,2,2,5.380695049434532,5.151831726216055,0.22886332321847735,4.253415611102678
cvrp,1,0,2,time_oriented_removal,greedy_with_noise,16198155913989986734,3,2,3,5.380695049434532,6.159487021732027,-0.778791972297495,-14.473817325502209
cvrp,1,0,2,time_oriented_removal,best_position_first,16134736452889186258,3,2,2,5.380695049434532,5.151831726216055,0.22886332321847735,4.253415611102678
cvrp,1,0,2,time_oriented_removal,sequential_insertion,18067296171503545371,3,2,2,5.380695049434532,5.2404601656726255,0.14023488376190674,2.6062596462634375
cvrp,1,1,3,random_removal,greedy_insertion,1527521307121542117,3,2,2,6.030276758360322,5.811580803754185,0.21869595460613667,3.6266321326452977
cvrp,1,1,3,random_removal,regret_2,746062350539788433,3,2,2,6.030276758360322,5.351118611101433,0.6791581472588888,11.262470604144495
cvrp,1,1,3,random_removal,regret_3,5576817081099898693,3,2,2,6.030276758360322,5.486258405525689,0.544018352834633,9.021449174458052
cvrp,1,1,3,random_removal,greedy_with_noise,6106355986028461409,3,2,3,6.030276758360322,5.9253806110193725,0.10489614734094932,1.7394914287395224
cvrp,1,1,3,random_removal,best_position_first,6211843624133549800,3,2,2,6.030276758360322,6.030276758360322,0.0,0.0
cvrp,1,1,3,random_removal,sequential_insertion,12548276115026982999,3,2,2,6.030276758360322,6.008104565127353,0.022172193232968596,0.36768118813501
cvrp,1,1,3,shaw_removal,greedy_insertion,16351033549269967831,3,2,2,6.030276758360322,5.973977428794136,0.056299329566185996,0.9336110401256975
cvrp,1,1,3,shaw_removal,regret_2,18117344643077436659,3,2,2,6.030276758360322,6.010480062822498,0.01979669553782415,0.32828834116739647
cvrp,1,1,3,shaw_removal,regret_3,17575466561362780150,3,2,2,6.030276758360322,5.861913126134535,0.16836363222578665,2.791971894032373
cvrp,1,1,3,shaw_removal,greedy_with_noise,273867882918752716,3,2,2,6.030276758360322,6.071321737155211,-0.041044978794889,-0.6806483423498698
cvrp,1,1,3,shaw_removal,best_position_first,8012601526200301059,3,2,2,6.030276758360322,5.685505090267889,0.34477166809243265,5.717344027609418
cvrp,1,1,3,shaw_removal,sequential_insertion,5060180031091980683,3,2,2,6.030276758360322,5.697694577482735,0.33258218087758706,5.5152059217928615
cvrp,1,1,3,worst_removal,greedy_insertion,14875597073930863317,3,2,2,6.030276758360322,5.88179127412039,0.1484854842399317,2.46233282799289
cvrp,1,1,3,worst_removal,regret_2,480387728341977742,3,2,2,6.030276758360322,5.79040944397914,0.2398673143811818,3.9777165127393515
cvrp,1,1,3,worst_removal,regret_3,590971784652059056,3,2,2,6.030276758360322,5.3268632953069375,0.7034134630533844,11.664696186260079
cvrp,1,1,3,worst_removal,greedy_with_noise,4608183503713786435,3,2,2,6.030276758360322,5.904950886881277,0.12532587147904461,2.07827727484139
cvrp,1,1,3,worst_removal,best_position_first,3894543645040764804,3,2,2,6.030276758360322,5.973977428794136,0.056299329566185996,0.9336110401256975
cvrp,1,1,3,worst_removal,sequential_insertion,12216874253814027643,3,2,3,6.030276758360322,6.779815122413613,-0.7495383640532909,-12.4295848115783
cvrp,1,1,3,route_removal,greedy_insertion,422778898014045002,3,2,2,6.030276758360322,5.702980060154873,0.3272966982054486,5.427556832307694
cvrp,1,1,3,route_removal,regret_2,3018545182323226036,3,2,2,6.030276758360322,5.697694577482735,0.33258218087758706,5.5152059217928615
cvrp,1,1,3,route_removal,regret_3,5294969663633286164,3,2,2,6.030276758360322,6.030276758360322,0.0,0.0
cvrp,1,1,3,route_removal,greedy_with_noise,10765857269721317914,3,2,2,6.030276758360322,6.080458899369523,-0.05018214100920115,-0.8321697829146744
cvrp,1,1,3,route_removal,best_position_first,3771158298071846984,3,2,2,6.030276758360322,5.557456295419813,0.4728204629405086,7.840775504789137
cvrp,1,1,3,route_removal,sequential_insertion,591870850839474723,3,2,2,6.030276758360322,5.86754472021679,0.162732038143532,2.6985832435952752
cvrp,1,1,3,cluster_removal,greedy_insertion,7852044275125651520,3,2,3,6.030276758360322,6.650628651443626,-0.6203518930833045,-10.287287266264425
cvrp,1,1,3,cluster_removal,regret_2,11049352727175554500,3,2,2,6.030276758360322,5.778024413822504,0.2522523445378182,4.183097304582212
cvrp,1,1,3,cluster_removal,regret_3,18167969647749414370,3,2,2,6.030276758360322,5.544640491336626,0.485636267023696,8.053299814978049
cvrp,1,1,3,cluster_removal,greedy_with_noise,17287923775971206007,3,2,2,6.030276758360322,6.084971331064702,-0.054694572704380384,-0.906999378238359
cvrp,1,1,3,cluster_removal,best_position_first,13804084911546057970,3,2,3,6.030276758360322,6.923347059123498,-0.893070300763176,-14.809773026172163
cvrp,1,1,3,cluster_removal,sequential_insertion,8498128707521828180,3,2,2,6.030276758360322,5.697694577482735,0.33258218087758706,5.5152059217928615
cvrp,1,1,3,time_oriented_removal,greedy_insertion,11349533574794569801,3,2,3,6.030276758360322,6.388047340945653,-0.35777058258533145,-5.932904855309029
cvrp,1,1,3,time_oriented_removal,regret_2,1218634441521994240,3,2,2,6.030276758360322,5.37473796655769,0.6555387918026314,10.870791143935445
cvrp,1,1,3,time_oriented_removal,regret_3,7410087317984179370,3,2,2,6.030276758360322,5.838293770678278,0.19198298768204403,3.1836513542414204
cvrp,1,1,3,time_oriented_removal,greedy_with_noise,15334561323205588167,3,2,2,6.030276758360322,5.950056340110268,0.08022041825005388,1.3302941384711242
cvrp,1,1,3,time_oriented_removal,best_position_first,2197953215759286256,3,2,3,6.030276758360322,6.052127771257597,-0.02185101289727509,-0.3623550588616193
cvrp,1,1,3,time_oriented_removal,sequential_insertion,1648629624075679737,3,2,2,6.030276758360322,6.030276758360322,0.0,0.0
vrptw,0,0,0,random_removal,greedy_insertion,11347193223607025490,3,7,7,12.143114424855948,12.101650491965113,0.041463932890835054,0.3414604477905752
vrptw,0,0,0,random_removal,regret_2,3552891781608079012,3,7,6,12.143114424855948,10.34638862329148,1.7967258015644685,14.796251922708723
vrptw,0,0,0,random_removal,regret_3,8791245569095118077,3,7,7,12.143114424855948,11.545141681014181,0.5979727438417672,4.9243770825198405
vrptw,0,0,0,random_removal,greedy_with_noise,2813968147485638228,3,7,7,12.143114424855948,11.573824440664737,0.5692899841912116,4.688171125406858
vrptw,0,0,0,random_removal,best_position_first,11935461425909954762,3,7,6,12.143114424855948,10.488245136540847,1.6548692883151013,13.628046565448818
vrptw,0,0,0,random_removal,sequential_insertion,6424863122057233576,3,7,7,12.143114424855948,11.920054462549931,0.2230599623060172,1.8369254748142039
vrptw,0,0,0,shaw_removal,greedy_insertion,1493723964796961759,3,7,7,12.143114424855948,12.16521987917365,-0.0221054543177015,-0.1820410608373538
vrptw,0,0,0,shaw_removal,regret_2,15156286397170372582,3,7,6,12.143114424855948,11.192416207881932,0.9506982169740166,7.829113551199157
vrptw,0,0,0,shaw_removal,regret_3,250182078787088046,3,7,7,12.143114424855948,11.919980455514667,0.2231339693412817,1.8375349316032548
vrptw,0,0,0,shaw_removal,greedy_with_noise,17835590760837966432,3,7,7,12.143114424855948,12.143114424855948,0.0,0.0
vrptw,0,0,0,shaw_removal,best_position_first,12090748834420486164,3,7,7,12.143114424855948,12.101650491965113,0.041463932890835054,0.3414604477905752
vrptw,0,0,0,shaw_removal,sequential_insertion,11606533757920005037,3,7,7,12.143114424855948,12.101650491965113,0.041463932890835054,0.3414604477905752
vrptw,0,0,0,worst_removal,greedy_insertion,5592706394475631885,3,7,5,12.143114424855948,8.687259554803681,3.455854870052267,28.459378287487915
vrptw,0,0,0,worst_removal,regret_2,5400882057903063186,3,7,5,12.143114424855948,8.687259554803681,3.455854870052267,28.459378287487915
vrptw,0,0,0,worst_removal,regret_3,2234552954375860003,3,7,5,12.143114424855948,8.464199592497664,3.6789148323582843,30.296303762302124
vrptw,0,0,0,worst_removal,greedy_with_noise,3667357914545104289,3,7,6,12.143114424855948,9.851125984968403,2.291988439887545,18.87479899881397
vrptw,0,0,0,worst_removal,best_position_first,16520624845649845637,3,7,5,12.143114424855948,8.687259554803681,3.455854870052267,28.459378287487915
vrptw,0,0,0,worst_removal,sequential_insertion,17370491298283383460,3,7,5,12.143114424855948,8.687259554803681,3.455854870052267,28.459378287487915
vrptw,0,0,0,route_removal,greedy_insertion,12699419241828657717,3,7,5,12.143114424855948,8.687259554803681,3.455854870052267,28.459378287487915
vrptw,0,0,0,route_removal,regret_2,8730743188533399616,3,7,6,12.143114424855948,11.192416207881932,0.9506982169740166,7.829113551199157
vrptw,0,0,0,route_removal,regret_3,11500047583963010066,3,7,5,12.143114424855948,8.687259554803681,3.455854870052267,28.459378287487915
vrptw,0,0,0,route_removal,greedy_with_noise,14390467492408797907,3,7,5,12.143114424855948,8.687259554803681,3.455854870052267,28.459378287487915
vrptw,0,0,0,route_removal,best_position_first,10081484343237140163,3,7,6,12.143114424855948,10.34638862329148,1.7967258015644685,14.796251922708723
vrptw,0,0,0,route_removal,sequential_insertion,4582619623965050043,3,7,6,12.143114424855948,10.488245136540847,1.6548692883151013,13.628046565448818
vrptw,0,0,0,cluster_removal,greedy_insertion,6880572637621281761,3,7,7,12.143114424855948,12.143040417820684,7.400703526450059e-05,0.0006094567890508742
vrptw,0,0,0,cluster_removal,regret_2,12935661614681495535,3,7,6,12.143114424855948,10.442521423477315,1.7005930013786337,14.004586812569771
vrptw,0,0,0,cluster_removal,regret_3,4744276681868914608,3,7,7,12.143114424855948,12.101650491965113,0.041463932890835054,0.3414604477905752
vrptw,0,0,0,cluster_removal,greedy_with_noise,4362774934876666842,3,7,7,12.143114424855948,11.944973744911591,0.19814067994435725,1.6317122034095282
vrptw,0,0,0,cluster_removal,best_position_first,1077882501787021746,3,7,6,12.143114424855948,11.192416207881932,0.9506982169740166,7.829113551199157
vrptw,0,0,0,cluster_removal,sequential_insertion,17550141435769469316,3,7,6,12.143114424855948,11.192416207881932,0.9506982169740166,7.829113551199157
vrptw,0,0,0,time_oriented_removal,greedy_insertion,4782078593571033117,3,7,6,12.143114424855948,10.483985356368148,1.6591290684878004,13.66312636477921
vrptw,0,0,0,time_oriented_removal,regret_2,9799285658641580234,3,7,6,12.143114424855948,10.34638862329148,1.7967258015644685,14.796251922708723
vrptw,0,0,0,time_oriented_removal,regret_3,16009322189245396722,3,7,5,12.143114424855948,8.687259554803681,3.455854870052267,28.459378287487915
vrptw,0,0,0,time_oriented_removal,greedy_with_noise,890369905163905035,3,7,6,12.143114424855948,10.34638862329148,1.7967258015644685,14.796251922708723
vrptw,0,0,0,time_oriented_removal,best_position_first,7089622136241296668,3,7,7,12.143114424855948,11.920054462549931,0.2230599623060172,1.8369254748142039
vrptw,0,0,0,time_oriented_removal,sequential_insertion,1621699676026992056,3,7,7,12.143114424855948,11.920054462549931,0.2230599623060172,1.8369254748142039
vrptw,0,1,1,random_removal,greedy_insertion,11466498444451812318,3,7,7,11.109979046354637,11.109979046354637,0.0,0.0
vrptw,0,1,1,random_removal,regret_2,8655347577041369964,3,7,7,11.109979046354637,10.91017053648537,0.1998085098692659,1.7984598263920786
vrptw,0,1,1,random_removal,regret_3,13385573129761801132,3,7,7,11.109979046354637,9.272253710874821,1.8377253354798153,16.54121333453642
vrptw,0,1,1,random_removal,greedy_with_noise,3879720053462000636,3,7,7,11.109979046354637,11.099189029469075,0.010790016885561471,0.09712004712647815
vrptw,0,1,1,random_removal,best_position_first,2540373774309745710,3,7,7,11.109979046354637,11.099189029469075,0.010790016885561471,0.09712004712647815
vrptw,0,1,1,random_removal,sequential_insertion,12672081269660987926,3,7,6,11.109979046354637,10.832695146873236,0.2772838994814002,2.495809382938319
vrptw,0,1,1,shaw_removal,greedy_insertion,12363716472897205510,3,7,6,11.109979046354637,10.803534544252972,0.3064445021016642,2.7582815487146535
vrptw,0,1,1,shaw_removal,regret_2,5610029829292627260,3,7,7,11.109979046354637,10.88691908404862,0.2230599623060172,2.007744221436734
vrptw,0,1,1,shaw_removal,regret_3,16881149691872771515,3,7,7,11.109979046354637,10.049307887928812,1.0606711584258246,9.547013131171008
vrptw,0,1,1,shaw_removal,greedy_with_noise,5079337863926506633,3,7,7,11.109979046354637,12.63604181426201,-1.5260627679073728,-13.735964411274914
vrptw,0,1,1,shaw_removal,best_position_first,14987235074990268325,3,7,7,11.109979046354637,12.47810917763072,-1.368130131276084,-12.314425846959537
vrptw,0,1,1,shaw_removal,sequential_insertion,6521344897596591237,3,7,7,11.109979046354637,10.88691908404862,0.2230599623060172,2.007744221436734
vrptw,0,1,1,worst_removal,greedy_insertion,4643097278982334942,3,7,6,11.109979046354637,10.757253573222387,0.35272547313224933,3.174852730689751
vrptw,0,1,1,worst_removal,regret_2,14550429915405575276,3,7,5,11.109979046354637,10.250332406102116,0.8596466402525209,7.737608114882852
vrptw,0,1,1,worst_removal,regret_3,5993223694682235125,3,7,6,11.109979046354637,9.669336930556291,1.4406421157983456,12.967100205927423
vrptw,0,1,1,worst_removal,greedy_with_noise,8596592815357270443,3,7,7,11.109979046354637,9.114321074243533,1.995657972111104,17.962751898851796
vrptw,0,1,1,worst_removal,best_position_first,16751602609400304937,3,7,6,11.109979046354637,11.457918892251401,-0.3479398458967644,-3.1317776968348925
vrptw,0,1,1,worst_removal,sequential_insertion,11694471160520943957,3,7,7,11.109979046354637,10.109864906994629,1.000114139360008,9.001944424802147
vrptw,0,1,1,route_removal,greedy_insertion,5181799041718499176,3,7,6,11.109979046354637,9.696582414796563,1.413396631558074,12.721865861860758
vrptw,0,1,1,route_removal,regret_2,6356052963138461170,3,7,6,11.109979046354637,9.696582414796563,1.413396631558074,12.721865861860758
vrptw,0,1,1,route_removal,regret_3,821318136766532906,3,7,6,11.109979046354637,10.557445063353121,0.5525339830015152,4.9733125570818295
vrptw,0,1,1,route_removal,greedy_with_noise,3000556665096511094,3,7,5,11.109979046354637,10.473392368408133,0.6365866779465037,5.729863893446118
vrptw,0,1,1,route_removal,best_position_first,2526652973561893421,3,7,6,11.109979046354637,10.795882024612144,0.31409702174249254,2.8271612433468345
vrptw,0,1,1,route_removal,sequential_insertion,11685885585233789994,3,7,6,11.109979046354637,9.696582414796563,1.413396631558074,12.721865861860758
vrptw,0,1,1,cluster_removal,greedy_insertion,12104998804177968917,3,7,7,11.109979046354637,9.891375251297523,1.2186037950571134,10.968551695486383
vrptw,0,1,1,cluster_removal,regret_2,8357096744947197726,3,7,7,11.109979046354637,10.88691908404862,0.2230599623060172,2.007744221436734
vrptw,0,1,1,cluster_removal,regret_3,13038920058861937527,3,7,6,11.109979046354637,10.61506068436529,0.49491836198934713,4.454719130651626
vrptw,0,1,1,cluster_removal,greedy_with_noise,14361551854440865725,3,7,6,11.109979046354637,10.61506068436529,0.49491836198934713,4.454719130651626
vrptw,0,1,1,cluster_removal,best_position_first,9587767565121335526,3,7,7,11.109979046354637,10.91017053648537,0.1998085098692659,1.7984598263920786
vrptw,0,1,1,cluster_removal,sequential_insertion,14441673001566604355,3,7,6,11.109979046354637,10.61506068436529,0.49491836198934713,4.454719130651626
vrptw,0,1,1,time_oriented_removal,greedy_insertion,13975130572408974656,3,7,6,11.109979046354637,10.757253573222387,0.35272547313224933,3.174852730689751
vrptw,0,1,1,time_oriented_removal,regret_2,4226455794565918012,3,7,6,11.109979046354637,10.757253573222387,0.35272547313224933,3.174852730689751
vrptw,0,1,1,time_oriented_removal,regret_3,9572034908864394321,3,7,6,11.109979046354637,10.826117841540382,0.28386120481425436,2.5550111627563674
vrptw,0,1,1,time_oriented_removal,greedy_with_noise,12940865824778151645,3,7,7,11.109979046354637,10.332924869300646,0.7770541770539907,6.994200203365413
vrptw,0,1,1,time_oriented_removal,best_position_first,8796127896864080251,3,7,7,11.109979046354637,9.866485624399804,1.2434934219548328,11.192581162993669
vrptw,0,1,1,time_oriented_removal,sequential_insertion,5805727566956084237,3,7,7,11.109979046354637,11.109979046354637,0.0,0.0
vrptw,1,0,2,random_removal,greedy_insertion,4152896825110475075,3,6,6,10.41442631146704,10.41442631146704,0.0,0.0
vrptw,1,0,2,random_removal,regret_2,18263507977894498229,3,6,6,10.41442631146704,9.33072686171891,1.0836994497481296,10.405752725475603
vrptw,1,0,2,random_removal,regret_3,9693969465159953249,3,6,6,10.41442631146704,10.593616595401702,-0.17919028393466263,-1.7205967815755834
vrptw,1,0,2,random_removal,greedy_with_noise,15664022228392909496,3,6,6,10.41442631146704,10.16730733704791,0.2471189744191289,2.372852493536134
vrptw,1,0,2,random_removal,best_position_first,10235933304805795354,3,6,5,10.41442631146704,10.991236623480917,-0.5768103120138779,-5.538570198329291
vrptw,1,0,2,random_removal,sequential_insertion,14032106298511139660,3,6,6,10.41442631146704,9.79945241956411,0.6149738919029293,5.905019378991605
vrptw,1,0,2,shaw_removal,greedy_insertion,15260285285321336625,3,6,5,10.41442631146704,10.434968854435759,-0.0205425429687196,-0.19725083604558005
vrptw,1,0,2,shaw_removal,regret_2,13402880565047091799,3,6,6,10.41442631146704,9.350353705286917,1.0640726061801224,10.217294494738526
vrptw,1,0,2,shaw_removal,regret_3,1724710128060086354,3,6,5,10.41442631146704,10.352130236537839,0.06229607492920053,0.5981709704029307
vrptw,1,0,2,shaw_removal,greedy_with_noise,571143107347287161,3,6,6,10.41442631146704,9.5559524038333,0.8584739076337389,8.243122395407385
vrptw,1,0,2,shaw_removal,best_position_first,47244085506811729,3,6,5,10.41442631146704,10.670844310887174,-0.256417999420135,-2.4621423374785434
vrptw,1,0,2,shaw_removal,sequential_insertion,18263885957682744038,3,6,5,10.41442631146704,10.670844310887174,-0.256417999420135,-2.4621423374785434
vrptw,1,0,2,worst_removal,greedy_insertion,14591460810381804319,3,6,6,10.41442631146704,9.260298220909265,1.1541280905577747,11.082013123344067
vrptw,1,0,2,worst_removal,regret_2,10667385504588921102,3,6,6,10.41442631146704,9.650667655316209,0.7637586561508307,7.333660379447661
vrptw,1,0,2,worst_removal,regret_3,12169907838355408505,3,6,6,10.41442631146704,9.794753253465569,0.6196730580014709,5.950141078046381
vrptw,1,0,2,worst_removal,greedy_with_noise,14759286484786367937,3,6,6,10.41442631146704,9.558854148490447,0.8555721629765927,8.215259654144806
vrptw,1,0,2,worst_removal,best_position_first,13999966337958692633,3,6,6,10.41442631146704,10.115121917535603,0.29930439393143615,2.873940291861111
vrptw,1,0,2,worst_removal,sequential_insertion,16009131240700569400,3,6,6,10.41442631146704,10.206935424361367,0.20749088710567243,1.9923410171639497
vrptw,1,0,2,route_removal,greedy_insertion,337252897307906190,3,6,5,10.41442631146704,11.116094618353431,-0.7016683068863916,-6.73746480028193
vrptw,1,0,2,route_removal,regret_2,15188381224968447998,3,6,5,10.41442631146704,10.670844310887174,-0.256417999420135,-2.4621423374785434
vrptw,1,0,2,route_removal,regret_3,8002662532148347996,3,6,5,10.41442631146704,10.352130236537839,0.06229607492920053,0.5981709704029307
vrptw,1,0,2,route_removal,greedy_with_noise,9541740956365654587,3,6,5,10.41442631146704,10.670844310887174,-0.256417999420135,-2.4621423374785434
vrptw,1,0,2,route_removal,best_position_first,8655487487183905934,3,6,5,10.41442631146704,10.670844310887174,-0.256417999420135,-2.4621423374785434
vrptw,1,0,2,route_removal,sequential_insertion,14749245472645179169,3,6,5,10.41442631146704,10.67086795941088,-0.2564416479438414,-2.4623694121440036
vrptw,1,0,2,cluster_removal,greedy_insertion,11342136828360839683,3,6,5,10.41442631146704,10.434968854435759,-0.0205425429687196,-0.19725083604558005
vrptw,1,0,2,cluster_removal,regret_2,17774368330071943890,3,6,6,10.41442631146704,9.79945241956411,0.6149738919029293,5.905019378991605
vrptw,1,0,2,cluster_removal,regret_3,12547834812701763258,3,6,5,10.41442631146704,10.352130236537839,0.06229607492920053,0.5981709704029307
vrptw,1,0,2,cluster_removal,greedy_with_noise,5109719158931903504,3,6,6,10.41442631146704,10.206935424361367,0.20749088710567243,1.9923410171639497
vrptw,1,0,2,cluster_removal,best_position_first,14932711705947738879,3,6,5,10.41442631146704,10.430207639905555,-0.015781328438515985,-0.15153334390718765
vrptw,1,0,2,cluster_removal,sequential_insertion,6066580703684831888,3,6,6,10.41442631146704,10.41442631146704,0.0,0.0
vrptw,1,0,2,time_oriented_removal,greedy_insertion,2515556267483419303,3,6,6,10.41442631146704,10.206935424361367,0.20749088710567243,1.9923410171639497
vrptw,1,0,2,time_oriented_removal,regret_2,11082657608369944334,3,6,6,10.41442631146704,9.558854148490447,0.8555721629765927,8.215259654144806
vrptw,1,0,2,time_oriented_removal,regret_3,17480264798912775544,3,6,6,10.41442631146704,10.41442631146704,0.0,0.0
vrptw,1,0,2,time_oriented_removal,greedy_with_noise,7969587526030307004,3,6,6,10.41442631146704,9.558854148490447,0.8555721629765927,8.215259654144806
vrptw,1,0,2,time_oriented_removal,best_position_first,2600331864762675550,3,6,6,10.41442631146704,10.24389250495999,0.1705338065070503,1.6374767212984185
vrptw,1,0,2,time_oriented_removal,sequential_insertion,3255122421964019215,3,6,6,10.41442631146704,11.237903021690775,-0.8234767102237353,-7.907077025616165
vrptw,1,1,3,random_removal,greedy_insertion,12808734242988203852,3,6,6,10.47968647996151,9.771074935231463,0.7086115447300472,6.76176282644526
vrptw,1,1,3,random_removal,regret_2,17136231454525320077,3,6,6,10.47968647996151,9.950044189798017,0.5296422901634923,5.053989841931203
vrptw,1,1,3,random_removal,regret_3,957547288365674803,3,6,6,10.47968647996151,10.47968647996151,0.0,0.0
vrptw,1,1,3,random_removal,greedy_with_noise,14079635824130196501,3,6,6,10.47968647996151,9.8611605263598,0.6185259536017096,5.902141774798413
vrptw,1,1,3,random_removal,best_position_first,8673268436685267202,3,6,6,10.47968647996151,10.159317815891475,0.3203686640700347,3.057044356075158
vrptw,1,1,3,random_removal,sequential_insertion,1202116003465781180,3,6,6,10.47968647996151,10.091443599301497,0.38824288066001245,3.704718470370102
vrptw,1,1,3,shaw_removal,greedy_insertion,14193066910019600191,3,6,6,10.47968647996151,10.440946660375104,0.03873981958640549,0.36966582598134917
vrptw,1,1,3,shaw_removal,regret_2,6075691089144533120,3,6,6,10.47968647996151,10.270412853868052,0.20927362609345757,1.9969454858560445
vrptw,1,1,3,shaw_removal,regret_3,13051922433261668447,3,6,5,10.47968647996151,10.60271577898812,-0.12302929902661042,-1.1739788137923597
vrptw,1,1,3,shaw_removal,greedy_with_noise,14910021354557181435,3,6,6,10.47968647996151,9.8611605263598,0.6185259536017096,5.902141774798413
vrptw,1,1,3,shaw_removal,best_position_first,15903421850276472184,3,6,6,10.47968647996151,9.653667947480754,0.8260185324807559,7.882092026896111
vrptw,1,1,3,shaw_removal,sequential_insertion,14046726504087140451,3,6,5,10.47968647996151,9.205943607075136,1.2737428728863733,12.15439865803172
vrptw,1,1,3,worst_removal,greedy_insertion,12023016951835942141,3,6,6,10.47968647996151,10.229626501510714,0.2500599784507962,2.386139880510191
vrptw,1,1,3,worst_removal,regret_2,16263808567012090487,3,6,5,10.47968647996151,9.765840804792536,0.7138456751689741,6.811708313354008
vrptw,1,1,3,worst_removal,regret_3,8090124710228329380,3,6,5,10.47968647996151,10.114615994958648,0.3650704850028621,3.4836012098350766
vrptw,1,1,3,worst_removal,greedy_with_noise,7914963589455144511,3,6,5,10.47968647996151,10.322108573837694,0.15757790612381584,1.5036509577373787
vrptw,1,1,3,worst_removal,best_position_first,1804949920721284297,3,6,5,10.47968647996151,10.00173990976766,0.47794657019385056,4.560695313812537
vrptw,1,1,3,worst_removal,sequential_insertion,1569649814747808076,3,6,6,10.47968647996151,9.653667947480754,0.8260185324807559,7.882092026896111
vrptw,1,1,3,route_removal,greedy_insertion,12195161395013109629,3,6,5,10.47968647996151,10.322108573837694,0.15757790612381584,1.5036509577373787
vrptw,1,1,3,route_removal,regret_2,5229664422537711961,3,6,6,10.47968647996151,9.752282172906034,0.7274043070554761,6.941088442353361
vrptw,1,1,3,route_removal,regret_3,15180824919625836113,3,6,5,10.47968647996151,10.60271577898812,-0.12302929902661042,-1.1739788137923597
vrptw,1,1,3,route_removal,greedy_with_noise,1494821501334693803,3,6,5,10.47968647996151,9.762211376120293,0.7174751038412168,6.846341302415108
vrptw,1,1,3,route_removal,best_position_first,13873363988968923513,3,6,6,10.47968647996151,10.3051461872922,0.1745402926693096,1.66551063338634
vrptw,1,1,3,route_removal,sequential_insertion,9520614144916023332,3,6,5,10.47968647996151,9.089149117752111,1.3905373622093986,13.26888323298872
vrptw,1,1,3,cluster_removal,greedy_insertion,762856491173513284,3,6,6,10.47968647996151,9.653667947480754,0.8260185324807559,7.882092026896111
vrptw,1,1,3,cluster_removal,regret_2,13282621702594258219,3,6,6,10.47968647996151,10.270412853868052,0.20927362609345757,1.9969454858560445
vrptw,1,1,3,cluster_removal,regret_3,2551628629033771874,3,6,6,10.47968647996151,9.8611605263598,0.6185259536017096,5.902141774798413
vrptw,1,1,3,cluster_removal,greedy_with_noise,13604316511949948742,3,6,6,10.47968647996151,9.653667947480754,0.8260185324807559,7.882092026896111
vrptw,1,1,3,cluster_removal,best_position_first,14136653817754760447,3,6,6,10.47968647996151,10.440946660375104,0.03873981958640549,0.36966582598134917
vrptw,1,1,3,cluster_removal,sequential_insertion,1270344181747231514,3,6,6,10.47968647996151,9.673358732465555,0.8063277474959545,7.69419723612682
vrptw,1,1,3,time_oriented_removal,greedy_insertion,2131228683160505583,3,6,6,10.47968647996151,10.229626501510714,0.2500599784507962,2.386139880510191
vrptw,1,1,3,time_oriented_removal,regret_2,1554715002056573014,3,6,6,10.47968647996151,9.771074935231463,0.7086115447300472,6.76176282644526
vrptw,1,1,3,time_oriented_removal,regret_3,6535769186717710650,3,6,6,10.47968647996151,9.771074935231463,0.7086115447300472,6.76176282644526
vrptw,1,1,3,time_oriented_removal,greedy_with_noise,9596386994702650172,3,6,6,10.47968647996151,10.607675038940377,-0.12798855897886696,-1.2213014122473733
vrptw,1,1,3,time_oriented_removal,best_position_first,1062967197324538663,3,6,5,10.47968647996151,10.18554832636624,0.29413815359527007,2.8067457376487317
vrptw,1,1,3,time_oriented_removal,sequential_insertion,3540764748711400239,3,6,6,10.47968647996151,9.490372207627304,0.9893142723342052,9.440304099038647
